Job Title,Company Name,Job Location,Required Experience,Full Job Description
DATA ENGINEER – (DX),"Top Employers on Naukrigulf
Legend Holding Group Ltd
Dubai-based Legend Holding Group drives innovation across auto, energy & tech.
Mobility Services
Automobile Trading
View Jobs
Dicetek LLC
Global IT leader providing world-class consulting and solutions across key industries
Diversified Group
Information Technology
View Jobs
SUNDUS MANAGEMENT CONSULTANCY & STUDIES BUREAUL.L.C
Regional leader in providing innovative and empowering HR solutions
Institutional Brand
Diversified Group
View Jobs
O",Abu Dhabi - United Arab Emirates (UAE),10 - 11 Years,DATA ENGINEER – (DX)
DATA ENGINEER – (DX),N/A,Abu Dhabi - United Arab Emirates (UAE),10 - 11 Years,DATA ENGINEER – (DX)
Data Engineer,N/A,Beirut - Lebanon,5 - 10 Years,Data Engineer
FinTech Data Engineer,N/A,Dubai - United Arab Emirates (UAE),4 - 8 Years,FinTech Data Engineer
Data Engineer,N/A,Abu Dhabi - United Arab Emirates (UAE),5 - 8 Years,Data Engineer
Applied AI & Data Engineer,N/A,"Chandigarh , Chennai , Bangalore - India",5 - 10 Years,Applied AI & Data Engineer
Senior Data Engineer (Arabic Speaker),N/A,Dubai - United Arab Emirates (UAE),10 - 15 Years,Senior Data Engineer (Arabic Speaker)
"Data Engineer/Test
Confidential Company",N/A,Abu Dhabi - United Arab Emirates (UAE),5 - 10 Years,Data Engineer/Test
Data Engineer,N/A,Dubai - United Arab Emirates (UAE),4 - 9 Years,Data Engineer
"Data Engineer
Confidential Company",N/A,"Wakra , Doha - Qatar",5 - 10 Years,Data Engineer
Senior Consultant - Data Engineering,N/A,Abu Dhabi - United Arab Emirates (UAE),5 - 10 Years,Senior Consultant - Data Engineering
Data Engineer,N/A,Dubai - United Arab Emirates (UAE),5 - 8 Years,Data Engineer
Snowflake Data Engineer,N/A,Dubai - United Arab Emirates (UAE),8 - 15 Years,Snowflake Data Engineer
Snowflake Data Engineer,N/A,Dubai - United Arab Emirates (UAE),8 - 15 Years,Snowflake Data Engineer
Data Engineer,N/A,Dubai - United Arab Emirates (UAE),4 - 8 Years,Data Engineer
"Senior Data Engineer
Devsinc",N/A,Riyadh - Saudi Arabia,4 - 10 Years,Senior Data Engineer
"Data Engineering Manager
Client of Salt",N/A,Dubai - United Arab Emirates,8 - 30 Years,Data Engineering Manager
"Senior Data Engineer (Spark)
SSC Egypt",N/A,Cairo - Egypt,3 - 8 Years,Senior Data Engineer (Spark)
"Senior Data Engineer
Capco",N/A,United Arab Emirates - United Arab Emirates,7 - 12 Years,Senior Data Engineer
Senior Data Engineer (Investment Data),N/A,Abu Dhabi - United Arab Emirates,5 - 10 Years,Senior Data Engineer (Investment Data)
"Data Engineer
STMicroelectronics",N/A,Agadir - Morocco,0 - 5 Years,Data Engineer
"Data Engineer
CME",N/A,Beirut - Lebanon,5 - 10 Years,Data Engineer
"Senior Data Engineer
Big Data Technology Solutions",N/A,Dubai - United Arab Emirates,5 - 10 Years,Senior Data Engineer
"Senior Data Engineer
Future Look ITC",N/A,Riyadh - Saudi Arabia,1 - 6 Years,Senior Data Engineer
"Senior Data Engineer
Iitjobs Inc.",N/A,Muscat - Oman,7 - 12 Years,Senior Data Engineer
"AWS Data Engineer
Client of Salt",N/A,Abu Dhabi - United Arab Emirates,5 - 10 Years,AWS Data Engineer
"Senior Data Engineer
Iitjobs Inc.",N/A,Muscat - Oman,7 - 10 Years,Senior Data Engineer
"Senior Data Engineer - Systems Architecture, Design & Development
Wynn Al Marjan Island",N/A,Ras Al Khaimah - United Arab Emirates,5 - 10 Years,"Senior Data Engineer - Systems Architecture, Design & Development"
"Data Engineer Snowflake
Capco",N/A,Qatar - Qatar,5 - 10 Years,Data Engineer Snowflake
"Senior Data Engineer
Flairstech",N/A,Cairo - Egypt,4 - 9 Years,Senior Data Engineer
"Integration and Data Engineer
Client of Premier Services & Recruitment",N/A,Cairo - Egypt,3 - 5 Years,Integration and Data Engineer
N/A,"Legend Holding Group Ltd
Dubai-based Legend Holding Group drives innovation across auto, energy & tech.
Mobility Services
Automobile Trading
View Jobs",Legend Holding Group Ltd,N/A,"Legend Holding Group Ltd
Dubai-based Legend Holding Group drives innovation across auto, energy & tech."
N/A,"Legend Holding Group Ltd
Dubai-based Legend Holding Group drives innovation across auto, energy & tech.
Mobility Services
Automobile Trading
View Jobs",Legend Holding Group Ltd,N/A,"Legend Holding Group Ltd
Dubai-based Legend Holding Group drives innovation across auto, energy & tech."
N/A,,Legend Holding Group Ltd,N/A,"Legend Holding Group Ltd
Dubai-based Legend Holding Group drives innovation across auto, energy & tech."
N/A,"Dicetek LLC
Global IT leader providing world-class consulting and solutions across key industries
Diversified Group
Information Technology
View Jobs",Dicetek LLC,N/A,"Dicetek LLC
Global IT leader providing world-class consulting and solutions across key industries"
N/A,,Dicetek LLC,N/A,"Dicetek LLC
Global IT leader providing world-class consulting and solutions across key industries"
N/A,"SUNDUS MANAGEMENT CONSULTANCY & STUDIES BUREAUL.L.C
Regional leader in providing innovative and empowering HR solutions
Institutional Brand
Diversified Group
View Jobs",SUNDUS MANAGEMENT CONSULTANCY & STUDIES BUREAUL.L.C,N/A,"SUNDUS MANAGEMENT CONSULTANCY & STUDIES BUREAUL.L.C
Regional leader in providing innovative and empowering HR solutions"
N/A,,SUNDUS MANAGEMENT CONSULTANCY & STUDIES BUREAUL.L.C,N/A,"SUNDUS MANAGEMENT CONSULTANCY & STUDIES BUREAUL.L.C
Regional leader in providing innovative and empowering HR solutions"
"Lead Data Engineer
Coforge","Top Employers on Naukrigulf
Legend Holding Group Ltd
Dubai-based Legend Holding Group drives innovation across auto, energy & tech.
Mobility Services
Automobile Trading
View Jobs
Dicetek LLC
Global IT leader providing world-class consulting and solutions across key industries
Diversified Group
Information Technology
View Jobs
SUNDUS MANAGEMENT CONSULTANCY & STUDIES BUREAUL.L.C
Regional leader in providing innovative and empowering HR solutions
Institutional Brand
Diversified Group
View Jobs
O",Dubai - United Arab Emirates,5 - 10 Years,Lead Data Engineer
"Lead Data Engineer
Coforge",N/A,Dubai - United Arab Emirates,5 - 10 Years,Lead Data Engineer
"Senior Data Engineer
Client of Salt",N/A,Abu Dhabi - United Arab Emirates,5 - 10 Years,Senior Data Engineer
"Big Data Engineer L2
Alef Education",N/A,Abu Dhabi - United Arab Emirates,5 - 10 Years,Big Data Engineer L2
"Senior Data Engineer (Flink)
SSC Egypt",N/A,Cairo - Egypt,3 - 8 Years,Senior Data Engineer (Flink)
Data Engineering Lead,N/A,Cairo - Egypt,6 - 8 Years,Data Engineering Lead
Data Engineering Tech Lead,N/A,Egypt - Egypt,7 - 12 Years,Data Engineering Tech Lead
Senior Data Engineer,N/A,Jordan - Jordan,5 - 8 Years,Senior Data Engineer
"Data Engineer (L1) - Remote
Deepsource Technologies",N/A,Cairo - Egypt,2 - 7 Years,Data Engineer (L1) - Remote
"Data Engineering, Senior Tech Lead",N/A,Egypt - Egypt,10 - 30 Years,"Data Engineering, Senior Tech Lead"
"Data Engineer
Contango",N/A,Abu Dhabi - United Arab Emirates,3 - 8 Years,Data Engineer
"Data Engineer
Nawy",N/A,Egypt - Egypt,1 - 6 Years,Data Engineer
Senior Lead Data Engineer - Databricks,N/A,Egypt - Egypt,10 - 15 Years,Senior Lead Data Engineer - Databricks
"Data Engineer, Associate
PricewaterhouseCoopers",N/A,Cairo - Egypt,1 - 3 Years,"Data Engineer, Associate"
"Senior Data Engineer
SSC Egypt",N/A,Cairo - Egypt,5 - 10 Years,Senior Data Engineer
Data Engineer (ETL),N/A,Cairo - Egypt,1 - 6 Years,Data Engineer (ETL)
"Data Engineer
SSC Egypt",N/A,Cairo - Egypt,3 - 5 Years,Data Engineer
"Data Engineer, Senior Associate
PricewaterhouseCoopers",N/A,Cairo - Egypt,3 - 8 Years,"Data Engineer, Senior Associate"
"Snowflake Data Engineer
SQLI",N/A,Rabat - Morocco,3 - 6 Years,Snowflake Data Engineer
"Senior Data Engineer
Robusta Studio",N/A,Jeddah - Saudi Arabia,5 - 10 Years,Senior Data Engineer
"Senior Data Engineer
Mindera",N/A,Casablanca - Morocco,3 - 5 Years,Senior Data Engineer
"Data Architects / Data Engineers - Telecom & OSS
Capgemini",N/A,Morocco - Morocco,5 - 10 Years,Data Architects / Data Engineers - Telecom & OSS
Azure Data Engineer,N/A,Dubai - United Arab Emirates,1 - 6 Years,Azure Data Engineer
"Data Engineer Consultant
Total-TECH Co",N/A,Jeddah - Saudi Arabia,5 - 7 Years,Data Engineer Consultant
"Senior Data Engineer
Bamboo Card",N/A,Dubai - United Arab Emirates,5 - 7 Years,Senior Data Engineer
"Data Engineer
SQLI",N/A,"Casablanca - Morocco , Rabat - Morocco",3 - 6 Years,Data Engineer
"Senior Data Engineer
Nawy",N/A,Egypt - Egypt,4 - 6 Years,Senior Data Engineer
Senior Data Engineer,N/A,Cairo - Egypt,4 - 9 Years,Senior Data Engineer
"Cloudera Data Engineer
Midis Group",N/A,Dubai - United Arab Emirates,2 - 5 Years,Cloudera Data Engineer
"Microsoft Fabric Data Engineer
Sucafina",N/A,Beirut - Lebanon,5 - 10 Years,Microsoft Fabric Data Engineer
"Data Engineer
Client of Involved Solutions",N/A,Dubai - United Arab Emirates,5 - 10 Years,Data Engineer
N/A,"Legend Holding Group Ltd
Dubai-based Legend Holding Group drives innovation across auto, energy & tech.
Mobility Services
Automobile Trading
View Jobs",Legend Holding Group Ltd,N/A,"Legend Holding Group Ltd
Dubai-based Legend Holding Group drives innovation across auto, energy & tech."
N/A,"Legend Holding Group Ltd
Dubai-based Legend Holding Group drives innovation across auto, energy & tech.
Mobility Services
Automobile Trading
View Jobs",Legend Holding Group Ltd,N/A,"Legend Holding Group Ltd
Dubai-based Legend Holding Group drives innovation across auto, energy & tech."
N/A,,Legend Holding Group Ltd,N/A,"Legend Holding Group Ltd
Dubai-based Legend Holding Group drives innovation across auto, energy & tech."
N/A,"Dicetek LLC
Global IT leader providing world-class consulting and solutions across key industries
Diversified Group
Information Technology
View Jobs",Dicetek LLC,N/A,"Dicetek LLC
Global IT leader providing world-class consulting and solutions across key industries"
N/A,,Dicetek LLC,N/A,"Dicetek LLC
Global IT leader providing world-class consulting and solutions across key industries"
N/A,"SUNDUS MANAGEMENT CONSULTANCY & STUDIES BUREAUL.L.C
Regional leader in providing innovative and empowering HR solutions
Institutional Brand
Diversified Group
View Jobs",SUNDUS MANAGEMENT CONSULTANCY & STUDIES BUREAUL.L.C,N/A,"SUNDUS MANAGEMENT CONSULTANCY & STUDIES BUREAUL.L.C
Regional leader in providing innovative and empowering HR solutions"
N/A,,SUNDUS MANAGEMENT CONSULTANCY & STUDIES BUREAUL.L.C,N/A,"SUNDUS MANAGEMENT CONSULTANCY & STUDIES BUREAUL.L.C
Regional leader in providing innovative and empowering HR solutions"
"Data Engineer (AMI)
Client of Angel Gulf Jobs","Top Employers on Naukrigulf
SUNDUS MANAGEMENT CONSULTANCY & STUDIES BUREAUL.L.C
Regional leader in providing innovative and empowering HR solutions
Institutional Brand
Diversified Group
View Jobs
Legend Holding Group Ltd
Dubai-based Legend Holding Group drives innovation across auto, energy & tech.
Mobility Services
Automobile Trading
View Jobs
Dicetek LLC
Global IT leader providing world-class consulting and solutions across key industries
Diversified Group
Information Technology
View Jobs
O",Dubai - United Arab Emirates,3 - 8 Years,Data Engineer (AMI)
"Data Engineer (AMI)
Client of Angel Gulf Jobs",N/A,Dubai - United Arab Emirates,3 - 8 Years,Data Engineer (AMI)
"Senior Data Analyst / Data Engineer
BlackStone eIT",N/A,Dubai - United Arab Emirates,4 - 11 Years,Senior Data Analyst / Data Engineer
"Data Engineer
Intelligent Systems ISYS",N/A,Cairo - Egypt,2 - 7 Years,Data Engineer
"Senior Data Engineer
BlackStone eIT",N/A,Cairo - Egypt,5 - 10 Years,Senior Data Engineer
"Mid/Senior Data Engineer
Yassir",N/A,"Alexandria - Egypt , Cairo - Egypt",3 - 7 Years,Mid/Senior Data Engineer
"Mid/Senior Data Engineer
Yassir",N/A,Tunis - Tunisia,3 - 8 Years,Mid/Senior Data Engineer
"Technical Data Engineer
Apgar Group",N/A,Lebanon - Lebanon,1 - 5 Years,Technical Data Engineer
"Data Engineer
SQLI",N/A,Rabat - Morocco,5 - 7 Years,Data Engineer
"PRINCIPAL DATA ENGINEER
Commercial International Bank",N/A,Giza - Egypt,6 - 11 Years,PRINCIPAL DATA ENGINEER
"Senior Talend Data Engineer
SQLI",N/A,Rabat - Morocco,3 - 5 Years,Senior Talend Data Engineer
"Data Engineer JAVA KAFKA
SQLI",N/A,Rabat - Morocco,2 - 7 Years,Data Engineer JAVA KAFKA
"GCP (Google Cloud Platform) Data Engineer
SQLI",N/A,Rabat - Morocco,3 - 10 Years,GCP (Google Cloud Platform) Data Engineer
"Senior Data Engineer
SQLI",N/A,Rabat - Morocco,5 - 10 Years,Senior Data Engineer
"Data Engineer MS Fabric PySpark (H/F)
SQLI",N/A,Rabat - Morocco,3 - 6 Years,Data Engineer MS Fabric PySpark (H/F)
"Data Engineer DBT SQL
Devoteam International",N/A,Rabat - Morocco,2 - 7 Years,Data Engineer DBT SQL
"Senior Data Engineer
Mirai Arabian International Company Limited",N/A,Riyadh - Saudi Arabia,8 - 13 Years,Senior Data Engineer
"Data Engineer
Fixed Misr (FEDIS)",N/A,Cairo - Egypt,0 - 3 Years,Data Engineer
"Data Engineer (Mid/Senior)
Yassir",N/A,Algiers - Algeria,3 - 8 Years,Data Engineer (Mid/Senior)
"Pavement Data Engineer
Client of Guildhall",N/A,Qatar - Qatar,5 - 10 Years,Pavement Data Engineer
"Data Engineer - DMP, Streaming & Analytics
Yassir",N/A,Algiers - Algeria,5 - 10 Years,"Data Engineer - DMP, Streaming & Analytics"
"Senior Data Engineer
Flairstech",N/A,Qatar - Qatar,1 - 6 Years,Senior Data Engineer
"Data Engineer
SQLI",N/A,Rabat - Morocco,2 - 6 Years,Data Engineer
"Data Engineer
Midis Group",N/A,Beirut - Lebanon,1 - 3 Years,Data Engineer
Data Analyst,N/A,Abu Dhabi - United Arab Emirates (UAE),0 - 2 Years,Data Analyst
Senior AI/ML Engineer,N/A,Dubai - United Arab Emirates (UAE),3 - 8 Years,Senior AI/ML Engineer
AML Technical Support & Data Specialist,N/A,Abu Dhabi - United Arab Emirates (UAE),3 - 8 Years,AML Technical Support & Data Specialist
AI Integration Developer,N/A,Manama - Bahrain,2 - 4 Years,AI Integration Developer
Data Architect,N/A,Abu Dhabi - United Arab Emirates (UAE),7 - 10 Years,Data Architect
Data & AI Solutions & Delivery Lead,N/A,Dubai - United Arab Emirates (UAE),10 - 15 Years,Data & AI Solutions & Delivery Lead
AI Integration Engineer,N/A,"Tamil Nadu , Coimbatore - India",3 - 6 Years,AI Integration Engineer
N/A,"SUNDUS MANAGEMENT CONSULTANCY & STUDIES BUREAUL.L.C
Regional leader in providing innovative and empowering HR solutions
Institutional Brand
Diversified Group
View Jobs",SUNDUS MANAGEMENT CONSULTANCY & STUDIES BUREAUL.L.C,N/A,"SUNDUS MANAGEMENT CONSULTANCY & STUDIES BUREAUL.L.C
Regional leader in providing innovative and empowering HR solutions"
N/A,"SUNDUS MANAGEMENT CONSULTANCY & STUDIES BUREAUL.L.C
Regional leader in providing innovative and empowering HR solutions
Institutional Brand
Diversified Group
View Jobs",SUNDUS MANAGEMENT CONSULTANCY & STUDIES BUREAUL.L.C,N/A,"SUNDUS MANAGEMENT CONSULTANCY & STUDIES BUREAUL.L.C
Regional leader in providing innovative and empowering HR solutions"
N/A,,SUNDUS MANAGEMENT CONSULTANCY & STUDIES BUREAUL.L.C,N/A,"SUNDUS MANAGEMENT CONSULTANCY & STUDIES BUREAUL.L.C
Regional leader in providing innovative and empowering HR solutions"
N/A,"Legend Holding Group Ltd
Dubai-based Legend Holding Group drives innovation across auto, energy & tech.
Mobility Services
Automobile Trading
View Jobs",Legend Holding Group Ltd,N/A,"Legend Holding Group Ltd
Dubai-based Legend Holding Group drives innovation across auto, energy & tech."
N/A,,Legend Holding Group Ltd,N/A,"Legend Holding Group Ltd
Dubai-based Legend Holding Group drives innovation across auto, energy & tech."
N/A,"Dicetek LLC
Global IT leader providing world-class consulting and solutions across key industries
Diversified Group
Information Technology
View Jobs",Dicetek LLC,N/A,"Dicetek LLC
Global IT leader providing world-class consulting and solutions across key industries"
N/A,,Dicetek LLC,N/A,"Dicetek LLC
Global IT leader providing world-class consulting and solutions across key industries"
"Lead Data Engineer
Coforge","Top Employers on Naukrigulf
Legend Holding Group Ltd
Dubai-based Legend Holding Group drives innovation across auto, energy & tech.
Mobility Services
Automobile Trading
View Jobs
Dicetek LLC
Global IT leader providing world-class consulting and solutions across key industries
Diversified Group
Information Technology
View Jobs
SUNDUS MANAGEMENT CONSULTANCY & STUDIES BUREAUL.L.C
Regional leader in providing innovative and empowering HR solutions
Institutional Brand
Diversified Group
View Jobs
O",Dubai - United Arab Emirates,5 - 10 Years,Lead Data Engineer
"Lead Data Engineer
Coforge",N/A,Dubai - United Arab Emirates,5 - 10 Years,Lead Data Engineer
"Senior Data Engineer
Client of Salt",N/A,Abu Dhabi - United Arab Emirates,5 - 10 Years,Senior Data Engineer
"Big Data Engineer L2
Alef Education",N/A,Abu Dhabi - United Arab Emirates,5 - 10 Years,Big Data Engineer L2
"Senior Data Engineer (Flink)
SSC Egypt",N/A,Cairo - Egypt,3 - 8 Years,Senior Data Engineer (Flink)
Data Engineering Lead,N/A,Cairo - Egypt,6 - 8 Years,Data Engineering Lead
Data Engineering Tech Lead,N/A,Egypt - Egypt,7 - 12 Years,Data Engineering Tech Lead
Senior Data Engineer,N/A,Jordan - Jordan,5 - 8 Years,Senior Data Engineer
"Data Engineer (L1) - Remote
Deepsource Technologies",N/A,Cairo - Egypt,2 - 7 Years,Data Engineer (L1) - Remote
"Data Engineering, Senior Tech Lead",N/A,Egypt - Egypt,10 - 30 Years,"Data Engineering, Senior Tech Lead"
"Data Engineer
Contango",N/A,Abu Dhabi - United Arab Emirates,3 - 8 Years,Data Engineer
"Data Engineer
Nawy",N/A,Egypt - Egypt,1 - 6 Years,Data Engineer
Senior Lead Data Engineer - Databricks,N/A,Egypt - Egypt,10 - 15 Years,Senior Lead Data Engineer - Databricks
"Data Engineer, Associate
PricewaterhouseCoopers",N/A,Cairo - Egypt,1 - 3 Years,"Data Engineer, Associate"
"Senior Data Engineer
SSC Egypt",N/A,Cairo - Egypt,5 - 10 Years,Senior Data Engineer
Data Engineer (ETL),N/A,Cairo - Egypt,1 - 6 Years,Data Engineer (ETL)
"Data Engineer
SSC Egypt",N/A,Cairo - Egypt,3 - 5 Years,Data Engineer
"Data Engineer, Senior Associate
PricewaterhouseCoopers",N/A,Cairo - Egypt,3 - 8 Years,"Data Engineer, Senior Associate"
"Snowflake Data Engineer
SQLI",N/A,Rabat - Morocco,3 - 6 Years,Snowflake Data Engineer
"Senior Data Engineer
Robusta Studio",N/A,Jeddah - Saudi Arabia,5 - 10 Years,Senior Data Engineer
"Senior Data Engineer
Mindera",N/A,Casablanca - Morocco,3 - 5 Years,Senior Data Engineer
"Data Architects / Data Engineers - Telecom & OSS
Capgemini",N/A,Morocco - Morocco,5 - 10 Years,Data Architects / Data Engineers - Telecom & OSS
Azure Data Engineer,N/A,Dubai - United Arab Emirates,1 - 6 Years,Azure Data Engineer
"Data Engineer Consultant
Total-TECH Co",N/A,Jeddah - Saudi Arabia,5 - 7 Years,Data Engineer Consultant
"Senior Data Engineer
Bamboo Card",N/A,Dubai - United Arab Emirates,5 - 7 Years,Senior Data Engineer
"Data Engineer
SQLI",N/A,"Casablanca - Morocco , Rabat - Morocco",3 - 6 Years,Data Engineer
"Senior Data Engineer
Nawy",N/A,Egypt - Egypt,4 - 6 Years,Senior Data Engineer
Senior Data Engineer,N/A,Cairo - Egypt,4 - 9 Years,Senior Data Engineer
"Cloudera Data Engineer
Midis Group",N/A,Dubai - United Arab Emirates,2 - 5 Years,Cloudera Data Engineer
"Microsoft Fabric Data Engineer
Sucafina",N/A,Beirut - Lebanon,5 - 10 Years,Microsoft Fabric Data Engineer
"Data Engineer
Client of Involved Solutions",N/A,Dubai - United Arab Emirates,5 - 10 Years,Data Engineer
N/A,"Legend Holding Group Ltd
Dubai-based Legend Holding Group drives innovation across auto, energy & tech.
Mobility Services
Automobile Trading
View Jobs",Legend Holding Group Ltd,N/A,"Legend Holding Group Ltd
Dubai-based Legend Holding Group drives innovation across auto, energy & tech."
N/A,"Legend Holding Group Ltd
Dubai-based Legend Holding Group drives innovation across auto, energy & tech.
Mobility Services
Automobile Trading
View Jobs",Legend Holding Group Ltd,N/A,"Legend Holding Group Ltd
Dubai-based Legend Holding Group drives innovation across auto, energy & tech."
N/A,,Legend Holding Group Ltd,N/A,"Legend Holding Group Ltd
Dubai-based Legend Holding Group drives innovation across auto, energy & tech."
N/A,"Dicetek LLC
Global IT leader providing world-class consulting and solutions across key industries
Diversified Group
Information Technology
View Jobs",Dicetek LLC,N/A,"Dicetek LLC
Global IT leader providing world-class consulting and solutions across key industries"
N/A,,Dicetek LLC,N/A,"Dicetek LLC
Global IT leader providing world-class consulting and solutions across key industries"
N/A,"SUNDUS MANAGEMENT CONSULTANCY & STUDIES BUREAUL.L.C
Regional leader in providing innovative and empowering HR solutions
Institutional Brand
Diversified Group
View Jobs",SUNDUS MANAGEMENT CONSULTANCY & STUDIES BUREAUL.L.C,N/A,"SUNDUS MANAGEMENT CONSULTANCY & STUDIES BUREAUL.L.C
Regional leader in providing innovative and empowering HR solutions"
N/A,,SUNDUS MANAGEMENT CONSULTANCY & STUDIES BUREAUL.L.C,N/A,"SUNDUS MANAGEMENT CONSULTANCY & STUDIES BUREAUL.L.C
Regional leader in providing innovative and empowering HR solutions"
"Data Engineer (AMI)
Client of Angel Gulf Jobs","Top Employers on Naukrigulf
Dicetek LLC
Global IT leader providing world-class consulting and solutions across key industries
Diversified Group
Information Technology
View Jobs
Legend Holding Group Ltd
Dubai-based Legend Holding Group drives innovation across auto, energy & tech.
Mobility Services
Automobile Trading
View Jobs
SUNDUS MANAGEMENT CONSULTANCY & STUDIES BUREAUL.L.C
Regional leader in providing innovative and empowering HR solutions
Institutional Brand
Diversified Group
View Jobs
O",Dubai - United Arab Emirates,3 - 8 Years,Data Engineer (AMI)
"Data Engineer (AMI)
Client of Angel Gulf Jobs",N/A,Dubai - United Arab Emirates,3 - 8 Years,Data Engineer (AMI)
"Senior Data Analyst / Data Engineer
BlackStone eIT",N/A,Dubai - United Arab Emirates,4 - 11 Years,Senior Data Analyst / Data Engineer
"Data Engineer
Intelligent Systems ISYS",N/A,Cairo - Egypt,2 - 7 Years,Data Engineer
"Senior Data Engineer
BlackStone eIT",N/A,Cairo - Egypt,5 - 10 Years,Senior Data Engineer
"Mid/Senior Data Engineer
Yassir",N/A,"Alexandria - Egypt , Cairo - Egypt",3 - 7 Years,Mid/Senior Data Engineer
"Mid/Senior Data Engineer
Yassir",N/A,Tunis - Tunisia,3 - 8 Years,Mid/Senior Data Engineer
"Technical Data Engineer
Apgar Group",N/A,Lebanon - Lebanon,1 - 5 Years,Technical Data Engineer
"Data Engineer
SQLI",N/A,Rabat - Morocco,5 - 7 Years,Data Engineer
"PRINCIPAL DATA ENGINEER
Commercial International Bank",N/A,Giza - Egypt,6 - 11 Years,PRINCIPAL DATA ENGINEER
"Senior Talend Data Engineer
SQLI",N/A,Rabat - Morocco,3 - 5 Years,Senior Talend Data Engineer
"Data Engineer JAVA KAFKA
SQLI",N/A,Rabat - Morocco,2 - 7 Years,Data Engineer JAVA KAFKA
"GCP (Google Cloud Platform) Data Engineer
SQLI",N/A,Rabat - Morocco,3 - 10 Years,GCP (Google Cloud Platform) Data Engineer
"Senior Data Engineer
SQLI",N/A,Rabat - Morocco,5 - 10 Years,Senior Data Engineer
"Data Engineer MS Fabric PySpark (H/F)
SQLI",N/A,Rabat - Morocco,3 - 6 Years,Data Engineer MS Fabric PySpark (H/F)
"Data Engineer DBT SQL
Devoteam International",N/A,Rabat - Morocco,2 - 7 Years,Data Engineer DBT SQL
"Senior Data Engineer
Mirai Arabian International Company Limited",N/A,Riyadh - Saudi Arabia,8 - 13 Years,Senior Data Engineer
"Data Engineer
Fixed Misr (FEDIS)",N/A,Cairo - Egypt,0 - 3 Years,Data Engineer
"Data Engineer (Mid/Senior)
Yassir",N/A,Algiers - Algeria,3 - 8 Years,Data Engineer (Mid/Senior)
"Pavement Data Engineer
Client of Guildhall",N/A,Qatar - Qatar,5 - 10 Years,Pavement Data Engineer
"Data Engineer - DMP, Streaming & Analytics
Yassir",N/A,Algiers - Algeria,5 - 10 Years,"Data Engineer - DMP, Streaming & Analytics"
"Senior Data Engineer
Flairstech",N/A,Qatar - Qatar,1 - 6 Years,Senior Data Engineer
"Data Engineer
SQLI",N/A,Rabat - Morocco,2 - 6 Years,Data Engineer
"Data Engineer
Midis Group",N/A,Beirut - Lebanon,1 - 3 Years,Data Engineer
Data Analyst,N/A,Abu Dhabi - United Arab Emirates (UAE),0 - 2 Years,Data Analyst
Senior AI/ML Engineer,N/A,Dubai - United Arab Emirates (UAE),3 - 8 Years,Senior AI/ML Engineer
AML Technical Support & Data Specialist,N/A,Abu Dhabi - United Arab Emirates (UAE),3 - 8 Years,AML Technical Support & Data Specialist
AI Integration Developer,N/A,Manama - Bahrain,2 - 4 Years,AI Integration Developer
Data Architect,N/A,Abu Dhabi - United Arab Emirates (UAE),7 - 10 Years,Data Architect
Data & AI Solutions & Delivery Lead,N/A,Dubai - United Arab Emirates (UAE),10 - 15 Years,Data & AI Solutions & Delivery Lead
AI Integration Engineer,N/A,"Tamil Nadu , Coimbatore - India",3 - 6 Years,AI Integration Engineer
N/A,"Dicetek LLC
Global IT leader providing world-class consulting and solutions across key industries
Diversified Group
Information Technology
View Jobs",Dicetek LLC,N/A,"Dicetek LLC
Global IT leader providing world-class consulting and solutions across key industries"
N/A,"Dicetek LLC
Global IT leader providing world-class consulting and solutions across key industries
Diversified Group
Information Technology
View Jobs",Dicetek LLC,N/A,"Dicetek LLC
Global IT leader providing world-class consulting and solutions across key industries"
N/A,,Dicetek LLC,N/A,"Dicetek LLC
Global IT leader providing world-class consulting and solutions across key industries"
N/A,"Legend Holding Group Ltd
Dubai-based Legend Holding Group drives innovation across auto, energy & tech.
Mobility Services
Automobile Trading
View Jobs",Legend Holding Group Ltd,N/A,"Legend Holding Group Ltd
Dubai-based Legend Holding Group drives innovation across auto, energy & tech."
N/A,,Legend Holding Group Ltd,N/A,"Legend Holding Group Ltd
Dubai-based Legend Holding Group drives innovation across auto, energy & tech."
N/A,"SUNDUS MANAGEMENT CONSULTANCY & STUDIES BUREAUL.L.C
Regional leader in providing innovative and empowering HR solutions
Institutional Brand
Diversified Group
View Jobs",SUNDUS MANAGEMENT CONSULTANCY & STUDIES BUREAUL.L.C,N/A,"SUNDUS MANAGEMENT CONSULTANCY & STUDIES BUREAUL.L.C
Regional leader in providing innovative and empowering HR solutions"
N/A,,SUNDUS MANAGEMENT CONSULTANCY & STUDIES BUREAUL.L.C,N/A,"SUNDUS MANAGEMENT CONSULTANCY & STUDIES BUREAUL.L.C
Regional leader in providing innovative and empowering HR solutions"
